[{"model": "admin.logentry", "pk": 1, "fields": {"action_time": "2021-12-14T08:51:31.422Z", "user": 1, "content_type": 7, "object_id": "1", "object_repr": "Beer", "action_flag": 1, "change_message": "[{\"added\": {}}]"}}, {"model": "admin.logentry", "pk": 2, "fields": {"action_time": "2021-12-14T08:55:48.971Z", "user": 1, "content_type": 8, "object_id": "1", "object_repr": "Pint of Stella", "action_flag": 1, "change_message": "[{\"added\": {}}]"}}, {"model": "admin.logentry", "pk": 3, "fields": {"action_time": "2021-12-14T09:13:51.354Z", "user": 1, "content_type": 7, "object_id": "2", "object_repr": "Food", "action_flag": 1, "change_message": "[{\"added\": {}}]"}}, {"model": "admin.logentry", "pk": 4, "fields": {"action_time": "2021-12-14T09:14:23.298Z", "user": 1, "content_type": 7, "object_id": "3", "object_repr": "Travel", "action_flag": 1, "change_message": "[{\"added\": {}}]"}}, {"model": "admin.logentry", "pk": 5, "fields": {"action_time": "2021-12-14T09:58:14.572Z", "user": 1, "content_type": 8, "object_id": "2", "object_repr": "Pint of Efes", "action_flag": 1, "change_message": "[{\"added\": {}}]"}}, {"model": "admin.logentry", "pk": 6, "fields": {"action_time": "2021-12-16T03:49:35.613Z", "user": 1, "content_type": 8, "object_id": "2", "object_repr": "Pint of Efes", "action_flag": 3, "change_message": ""}}, {"model": "admin.logentry", "pk": 7, "fields": {"action_time": "2021-12-16T03:51:24.931Z", "user": 1, "content_type": 8, "object_id": "1", "object_repr": "Pint of Stella", "action_flag": 2, "change_message": "[{\"changed\": {\"fields\": [\"Image\"]}}]"}}, {"model": "admin.logentry", "pk": 8, "fields": {"action_time": "2021-12-16T03:52:46.541Z", "user": 1, "content_type": 8, "object_id": "1", "object_repr": "Pint Of Stella Draught", "action_flag": 2, "change_message": "[{\"changed\": {\"fields\": [\"Description\"]}}]"}}, {"model": "admin.logentry", "pk": 9, "fields": {"action_time": "2021-12-16T03:53:05.306Z", "user": 1, "content_type": 8, "object_id": "1", "object_repr": "Stella Draught", "action_flag": 2, "change_message": "[{\"changed\": {\"fields\": [\"Description\"]}}]"}}, {"model": "admin.logentry", "pk": 10, "fields": {"action_time": "2021-12-16T03:56:47.340Z", "user": 1, "content_type": 8, "object_id": "4", "object_repr": "Pint-stop in Rome - Bira Moretti", "action_flag": 2, "change_message": "[{\"changed\": {\"fields\": [\"Description\"]}}]"}}, {"model": "admin.logentry", "pk": 11, "fields": {"action_time": "2021-12-16T03:57:06.762Z", "user": 1, "content_type": 8, "object_id": "6", "object_repr": "Summer pint-stop in Berlin - Padberger", "action_flag": 2, "change_message": "[{\"changed\": {\"fields\": [\"Description\"]}}]"}}, {"model": "admin.logentry", "pk": 12, "fields": {"action_time": "2021-12-16T03:57:34.003Z", "user": 1, "content_type": 8, "object_id": "6", "object_repr": "Pint-stop in Berlin - Padberger", "action_flag": 2, "change_message": "[{\"changed\": {\"fields\": [\"Description\"]}}]"}}, {"model": "admin.logentry", "pk": 13, "fields": {"action_time": "2021-12-16T03:57:56.205Z", "user": 1, "content_type": 8, "object_id": "5", "object_repr": "Double-hopped lager - Amsterdam", "action_flag": 2, "change_message": "[{\"changed\": {\"fields\": [\"Description\"]}}]"}}, {"model": "admin.logentry", "pk": 14, "fields": {"action_time": "2021-12-16T03:58:10.003Z", "user": 1, "content_type": 8, "object_id": "1", "object_repr": "Stella Draught - Shenzhen", "action_flag": 2, "change_message": "[{\"changed\": {\"fields\": [\"Description\"]}}]"}}, {"model": "admin.logentry", "pk": 15, "fields": {"action_time": "2021-12-16T03:58:38.967Z", "user": 1, "content_type": 8, "object_id": "4", "object_repr": "Bira Moretti - roadside in Rome", "action_flag": 2, "change_message": "[{\"changed\": {\"fields\": [\"Description\"]}}]"}}, {"model": "admin.logentry", "pk": 16, "fields": {"action_time": "2021-12-16T04:00:56.367Z", "user": 1, "content_type": 8, "object_id": "6", "object_repr": "Pint-stop - Padberger - Berlin", "action_flag": 2, "change_message": "[{\"changed\": {\"fields\": [\"Description\"]}}]"}}, {"model": "admin.logentry", "pk": 17, "fields": {"action_time": "2021-12-16T04:01:06.413Z", "user": 1, "content_type": 8, "object_id": "7", "object_repr": "Pint-stop - Reidenburger - Munich", "action_flag": 2, "change_message": "[{\"changed\": {\"fields\": [\"Description\"]}}]"}}, {"model": "admin.logentry", "pk": 18, "fields": {"action_time": "2021-12-16T04:01:30.729Z", "user": 1, "content_type": 8, "object_id": "4", "object_repr": "Pint-stop - Bira Moretti - roadside in Rome", "action_flag": 2, "change_message": "[{\"changed\": {\"fields\": [\"Description\"]}}]"}}, {"model": "admin.logentry", "pk": 19, "fields": {"action_time": "2021-12-16T04:01:45.398Z", "user": 1, "content_type": 8, "object_id": "4", "object_repr": "Pint-stop - Bira Moretti - Rome", "action_flag": 2, "change_message": "[{\"changed\": {\"fields\": [\"Description\"]}}]"}}, {"model": "admin.logentry", "pk": 20, "fields": {"action_time": "2021-12-16T04:04:34.189Z", "user": 1, "content_type": 8, "object_id": "6", "object_repr": "Pint-stop - Padeberger - Berlin", "action_flag": 2, "change_message": "[{\"changed\": {\"fields\": [\"Description\"]}}]"}}, {"model": "admin.logentry", "pk": 21, "fields": {"action_time": "2021-12-16T04:11:22.144Z", "user": 1, "content_type": 8, "object_id": "10", "object_repr": "IPA from Boulevard Brewing Co - Shenzhen", "action_flag": 2, "change_message": "[{\"changed\": {\"fields\": [\"Description\"]}}]"}}, {"model": "admin.logentry", "pk": 22, "fields": {"action_time": "2021-12-16T04:11:39.695Z", "user": 1, "content_type": 8, "object_id": "5", "object_repr": "Double-hopped lager from Guinness - Amsterdam", "action_flag": 2, "change_message": "[{\"changed\": {\"fields\": [\"Description\"]}}]"}}, {"model": "admin.logentry", "pk": 23, "fields": {"action_time": "2021-12-16T04:25:07.075Z", "user": 1, "content_type": 8, "object_id": "11", "object_repr": "Pint-stop - Stiegl - Vienna", "action_flag": 3, "change_message": ""}}, {"model": "admin.logentry", "pk": 24, "fields": {"action_time": "2021-12-16T04:33:16.035Z", "user": 1, "content_type": 8, "object_id": "3", "object_repr": "Hungarian Goulash", "action_flag": 2, "change_message": "[{\"changed\": {\"fields\": [\"Description\"]}}]"}}, {"model": "admin.logentry", "pk": 25, "fields": {"action_time": "2021-12-16T04:33:42.831Z", "user": 1, "content_type": 8, "object_id": "1", "object_repr": "Pint-stop - Stella Draught - Shenzhen", "action_flag": 2, "change_message": "[{\"changed\": {\"fields\": [\"Description\"]}}]"}}, {"model": "admin.logentry", "pk": 26, "fields": {"action_time": "2021-12-16T09:04:07.577Z", "user": 1, "content_type": 8, "object_id": "15", "object_repr": "Staatliches Hofbräuhaus - Munich", "action_flag": 3, "change_message": ""}}, {"model": "admin.logentry", "pk": 27, "fields": {"action_time": "2021-12-16T09:04:07.589Z", "user": 1, "content_type": 8, "object_id": "14", "object_repr": "Pint-stop - Staropramen - Prague", "action_flag": 3, "change_message": ""}}, {"model": "admin.logentry", "pk": 28, "fields": {"action_time": "2021-12-16T09:04:07.596Z", "user": 1, "content_type": 8, "object_id": "13", "object_repr": "House Brew - Xantener Strasse - Berlin", "action_flag": 3, "change_message": ""}}, {"model": "admin.logentry", "pk": 29, "fields": {"action_time": "2021-12-16T09:04:07.603Z", "user": 1, "content_type": 8, "object_id": "12", "object_repr": "Kek IPA - Amsterdam", "action_flag": 3, "change_message": ""}}, {"model": "admin.logentry", "pk": 30, "fields": {"action_time": "2021-12-16T09:04:07.615Z", "user": 1, "content_type": 8, "object_id": "10", "object_repr": "IPA from Boulevard Brewing Co - Shenzhen", "action_flag": 3, "change_message": ""}}, {"model": "admin.logentry", "pk": 31, "fields": {"action_time": "2021-12-16T09:04:07.626Z", "user": 1, "content_type": 8, "object_id": "9", "object_repr": "Paulaner Spezi - Munich", "action_flag": 3, "change_message": ""}}, {"model": "admin.logentry", "pk": 32, "fields": {"action_time": "2021-12-16T09:04:07.634Z", "user": 1, "content_type": 8, "object_id": "8", "object_repr": "Pint-stop - Tetleys - Hong Kong", "action_flag": 3, "change_message": ""}}, {"model": "admin.logentry", "pk": 33, "fields": {"action_time": "2021-12-16T09:04:07.646Z", "user": 1, "content_type": 8, "object_id": "7", "object_repr": "Pint-stop - Reidenburger - Munich", "action_flag": 3, "change_message": ""}}, {"model": "admin.logentry", "pk": 34, "fields": {"action_time": "2021-12-16T09:04:07.657Z", "user": 1, "content_type": 8, "object_id": "6", "object_repr": "Pint-stop - Padeberger - Berlin", "action_flag": 3, "change_message": ""}}, {"model": "admin.logentry", "pk": 35, "fields": {"action_time": "2021-12-16T09:04:07.666Z", "user": 1, "content_type": 8, "object_id": "5", "object_repr": "Double-hopped lager from Guinness - Amsterdam", "action_flag": 3, "change_message": ""}}, {"model": "admin.logentry", "pk": 36, "fields": {"action_time": "2021-12-16T09:04:07.675Z", "user": 1, "content_type": 8, "object_id": "4", "object_repr": "Pint-stop - Bira Moretti - Rome", "action_flag": 3, "change_message": ""}}, {"model": "admin.logentry", "pk": 37, "fields": {"action_time": "2021-12-16T09:04:07.688Z", "user": 1, "content_type": 8, "object_id": "3", "object_repr": "Hungarian Goulash", "action_flag": 3, "change_message": ""}}, {"model": "admin.logentry", "pk": 38, "fields": {"action_time": "2021-12-16T09:04:07.699Z", "user": 1, "content_type": 8, "object_id": "1", "object_repr": "Pint-stop - Stella Draught - Shenzhen", "action_flag": 3, "change_message": ""}}, {"model": "admin.logentry", "pk": 39, "fields": {"action_time": "2021-12-17T01:41:41.467Z", "user": 1, "content_type": 8, "object_id": "3", "object_repr": "Boulevard IPA - Shenzhen", "action_flag": 2, "change_message": "[{\"changed\": {\"fields\": [\"Tags\"]}}]"}}, {"model": "admin.logentry", "pk": 40, "fields": {"action_time": "2021-12-17T09:22:19.147Z", "user": 1, "content_type": 8, "object_id": "1", "object_repr": "Stella Draught - Shenzhen", "action_flag": 2, "change_message": "[{\"changed\": {\"fields\": [\"Tags\"]}}]"}}, {"model": "admin.logentry", "pk": 41, "fields": {"action_time": "2021-12-17T09:29:44.281Z", "user": 1, "content_type": 8, "object_id": "3", "object_repr": "Boulevard IPA - Shenzhen", "action_flag": 2, "change_message": "[{\"changed\": {\"fields\": [\"Tags\"]}}]"}}, {"model": "admin.logentry", "pk": 42, "fields": {"action_time": "2021-12-17T09:30:52.787Z", "user": 1, "content_type": 9, "object_id": "1", "object_repr": "Shenzhen", "action_flag": 3, "change_message": ""}}, {"model": "admin.logentry", "pk": 43, "fields": {"action_time": "2021-12-17T09:32:04.013Z", "user": 1, "content_type": 8, "object_id": "1", "object_repr": "Stella Draught - Shenzhen", "action_flag": 2, "change_message": "[{\"changed\": {\"fields\": [\"Tags\"]}}]"}}, {"model": "admin.logentry", "pk": 44, "fields": {"action_time": "2021-12-17T09:32:26.600Z", "user": 1, "content_type": 8, "object_id": "3", "object_repr": "Boulevard IPA - Shenzhen", "action_flag": 2, "change_message": "[{\"changed\": {\"fields\": [\"Tags\"]}}]"}}, {"model": "admin.logentry", "pk": 45, "fields": {"action_time": "2021-12-27T14:07:30.130Z", "user": 1, "content_type": 8, "object_id": "11", "object_repr": "Tetleys Draught - Hong Kong", "action_flag": 2, "change_message": "[{\"changed\": {\"fields\": [\"Description\"]}}]"}}, {"model": "admin.logentry", "pk": 46, "fields": {"action_time": "2021-12-27T14:07:46.703Z", "user": 1, "content_type": 8, "object_id": "7", "object_repr": "Padeburger Draught - Berlin", "action_flag": 2, "change_message": "[{\"changed\": {\"fields\": [\"Description\"]}}]"}}, {"model": "admin.logentry", "pk": 47, "fields": {"action_time": "2021-12-27T14:07:56.213Z", "user": 1, "content_type": 8, "object_id": "2", "object_repr": "Pint of Bira Moretti - Rome", "action_flag": 2, "change_message": "[]"}}, {"model": "admin.logentry", "pk": 48, "fields": {"action_time": "2021-12-27T14:08:12.345Z", "user": 1, "content_type": 8, "object_id": "9", "object_repr": "Reidenburger Draught - Munich", "action_flag": 2, "change_message": "[{\"changed\": {\"fields\": [\"Description\"]}}]"}}, {"model": "admin.logentry", "pk": 49, "fields": {"action_time": "2021-12-27T14:08:22.156Z", "user": 1, "content_type": 8, "object_id": "10", "object_repr": "Pint-stop - Staropramen - Prague", "action_flag": 2, "change_message": "[]"}}, {"model": "admin.logentry", "pk": 50, "fields": {"action_time": "2021-12-28T06:37:11.772Z", "user": 1, "content_type": 8, "object_id": "15", "object_repr": "Chocolate & Mint Gelato - Rome", "action_flag": 3, "change_message": ""}}, {"model": "admin.logentry", "pk": 51, "fields": {"action_time": "2021-12-28T06:37:11.783Z", "user": 1, "content_type": 8, "object_id": "14", "object_repr": "Chicken Salad - Slubice", "action_flag": 3, "change_message": ""}}, {"model": "admin.logentry", "pk": 52, "fields": {"action_time": "2021-12-28T06:37:11.790Z", "user": 1, "content_type": 8, "object_id": "13", "object_repr": "Ramen in Kreuzberg - Berlin", "action_flag": 3, "change_message": ""}}, {"model": "admin.logentry", "pk": 53, "fields": {"action_time": "2021-12-28T06:52:43.150Z", "user": 1, "content_type": 8, "object_id": "16", "object_repr": "Chicken Salad - Slubice", "action_flag": 2, "change_message": "[{\"changed\": {\"fields\": [\"Image\"]}}]"}}, {"model": "admin.logentry", "pk": 54, "fields": {"action_time": "2021-12-28T07:03:46.541Z", "user": 1, "content_type": 8, "object_id": "17", "object_repr": "Ramen in Kreuzberg - Berlin", "action_flag": 2, "change_message": "[{\"changed\": {\"fields\": [\"Image\"]}}]"}}, {"model": "admin.logentry", "pk": 55, "fields": {"action_time": "2021-12-28T07:09:23.474Z", "user": 1, "content_type": 8, "object_id": "21", "object_repr": "Senfelder Platz - Berlin", "action_flag": 2, "change_message": "[{\"changed\": {\"fields\": [\"Image\"]}}]"}}, {"model": "admin.logentry", "pk": 56, "fields": {"action_time": "2021-12-28T07:26:01.021Z", "user": 1, "content_type": 8, "object_id": "21", "object_repr": "Senfelder Platz - Berlin", "action_flag": 3, "change_message": ""}}, {"model": "admin.logentry", "pk": 57, "fields": {"action_time": "2021-12-28T07:26:01.030Z", "user": 1, "content_type": 8, "object_id": "20", "object_repr": "More graffiti near Alexander Platz - Berlin", "action_flag": 3, "change_message": ""}}, {"model": "admin.logentry", "pk": 58, "fields": {"action_time": "2021-12-28T07:26:01.039Z", "user": 1, "content_type": 8, "object_id": "19", "object_repr": "Graffiti near Alexander Platz - Berlin", "action_flag": 3, "change_message": ""}}, {"model": "admin.logentry", "pk": 59, "fields": {"action_time": "2021-12-28T07:48:30.436Z", "user": 1, "content_type": 8, "object_id": "23", "object_repr": "Graffiti near Alexander Platz - Berlin", "action_flag": 3, "change_message": ""}}, {"model": "admin.logentry", "pk": 60, "fields": {"action_time": "2021-12-28T07:50:38.548Z", "user": 1, "content_type": 8, "object_id": "22", "object_repr": "Rocky Bar Craft Beer - Guangzhou", "action_flag": 3, "change_message": ""}}, {"model": "admin.logentry", "pk": 61, "fields": {"action_time": "2021-12-28T08:04:52.192Z", "user": 1, "content_type": 8, "object_id": "28", "object_repr": "Trappist Beer - Orval - Brussels", "action_flag": 3, "change_message": ""}}, {"model": "admin.logentry", "pk": 62, "fields": {"action_time": "2021-12-28T08:07:40.343Z", "user": 1, "content_type": 8, "object_id": "29", "object_repr": "Trappist Beer - Orval - Brussels", "action_flag": 3, "change_message": ""}}, {"model": "admin.logentry", "pk": 63, "fields": {"action_time": "2021-12-28T08:09:17.360Z", "user": 1, "content_type": 8, "object_id": "25", "object_repr": "Graffiti near Alexander Platz - Berlin", "action_flag": 2, "change_message": "[{\"changed\": {\"fields\": [\"Image\"]}}]"}}, {"model": "admin.logentry", "pk": 64, "fields": {"action_time": "2021-12-28T08:09:38.533Z", "user": 1, "content_type": 8, "object_id": "26", "object_repr": "More graffiti near Alexander Platz - Berlin", "action_flag": 2, "change_message": "[{\"changed\": {\"fields\": [\"Image\"]}}]"}}, {"model": "admin.logentry", "pk": 65, "fields": {"action_time": "2021-12-28T08:10:08.362Z", "user": 1, "content_type": 8, "object_id": "27", "object_repr": "Graffiti in Senfelder Platz - Berlin", "action_flag": 2, "change_message": "[{\"changed\": {\"fields\": [\"Image\"]}}]"}}, {"model": "admin.logentry", "pk": 66, "fields": {"action_time": "2021-12-28T08:21:16.784Z", "user": 1, "content_type": 8, "object_id": "33", "object_repr": "Eggs Benedict with Hash Browns - Shenzhen", "action_flag": 3, "change_message": ""}}, {"model": "admin.logentry", "pk": 67, "fields": {"action_time": "2021-12-28T08:27:19.147Z", "user": 1, "content_type": 8, "object_id": "37", "object_repr": "Zeit Online Building - Hamburg", "action_flag": 2, "change_message": "[{\"changed\": {\"fields\": [\"Image\"]}}]"}}, {"model": "admin.logentry", "pk": 68, "fields": {"action_time": "2021-12-28T09:33:17.104Z", "user": 1, "content_type": 8, "object_id": "1", "object_repr": "Stella Draught", "action_flag": 2, "change_message": "[{\"changed\": {\"fields\": [\"Description\"]}}]"}}, {"model": "admin.logentry", "pk": 69, "fields": {"action_time": "2021-12-28T09:33:40.877Z", "user": 1, "content_type": 8, "object_id": "3", "object_repr": "Boulevard IPA", "action_flag": 2, "change_message": "[{\"changed\": {\"fields\": [\"Description\"]}}]"}}, {"model": "admin.logentry", "pk": 70, "fields": {"action_time": "2021-12-28T09:34:35.505Z", "user": 1, "content_type": 8, "object_id": "24", "object_repr": "Rocky Bar - Guangzhou", "action_flag": 2, "change_message": "[{\"changed\": {\"fields\": [\"Description\", \"Tags\"]}}]"}}, {"model": "admin.logentry", "pk": 71, "fields": {"action_time": "2021-12-28T09:35:39.999Z", "user": 1, "content_type": 8, "object_id": "1", "object_repr": "Stella Draught", "action_flag": 2, "change_message": "[{\"changed\": {\"fields\": [\"Tags\"]}}]"}}, {"model": "admin.logentry", "pk": 72, "fields": {"action_time": "2021-12-28T09:36:18.960Z", "user": 1, "content_type": 8, "object_id": "1", "object_repr": "Stella Draught", "action_flag": 2, "change_message": "[{\"changed\": {\"fields\": [\"Tags\"]}}]"}}, {"model": "admin.logentry", "pk": 73, "fields": {"action_time": "2021-12-28T09:36:35.890Z", "user": 1, "content_type": 8, "object_id": "1", "object_repr": "Stella Draught", "action_flag": 2, "change_message": "[]"}}, {"model": "admin.logentry", "pk": 74, "fields": {"action_time": "2021-12-28T09:36:53.007Z", "user": 1, "content_type": 8, "object_id": "2", "object_repr": "Pint of Bira Moretti - Rome", "action_flag": 2, "change_message": "[{\"changed\": {\"fields\": [\"Tags\"]}}]"}}, {"model": "admin.logentry", "pk": 75, "fields": {"action_time": "2021-12-28T09:37:01.436Z", "user": 1, "content_type": 8, "object_id": "45", "object_repr": "La Corne du Bois - Brussels", "action_flag": 2, "change_message": "[{\"changed\": {\"fields\": [\"Tags\"]}}]"}}, {"model": "admin.logentry", "pk": 76, "fields": {"action_time": "2021-12-28T09:37:24.466Z", "user": 1, "content_type": 8, "object_id": "2", "object_repr": "Pint of Bira Moretti - Rome", "action_flag": 2, "change_message": "[]"}}, {"model": "admin.logentry", "pk": 77, "fields": {"action_time": "2021-12-28T09:38:11.945Z", "user": 1, "content_type": 8, "object_id": "2", "object_repr": "Pint of Bira Moretti", "action_flag": 2, "change_message": "[{\"changed\": {\"fields\": [\"Description\"]}}]"}}, {"model": "admin.logentry", "pk": 78, "fields": {"action_time": "2021-12-28T09:39:15.135Z", "user": 1, "content_type": 8, "object_id": "40", "object_repr": "Reichstag Building - Berlin", "action_flag": 2, "change_message": "[{\"changed\": {\"fields\": [\"Tags\"]}}]"}}, {"model": "admin.logentry", "pk": 79, "fields": {"action_time": "2021-12-28T09:39:26.701Z", "user": 1, "content_type": 8, "object_id": "6", "object_repr": "Kek IPA - Amsterdam", "action_flag": 2, "change_message": "[{\"changed\": {\"fields\": [\"Tags\"]}}]"}}, {"model": "admin.logentry", "pk": 80, "fields": {"action_time": "2021-12-28T09:40:33.551Z", "user": 1, "content_type": 8, "object_id": "45", "object_repr": "La Corne du Bois", "action_flag": 2, "change_message": "[{\"changed\": {\"fields\": [\"Description\"]}}]"}}, {"model": "admin.logentry", "pk": 81, "fields": {"action_time": "2021-12-28T09:40:46.615Z", "user": 1, "content_type": 8, "object_id": "42", "object_repr": "Record Store near St. Pauli", "action_flag": 2, "change_message": "[{\"changed\": {\"fields\": [\"Description\", \"Tags\"]}}]"}}, {"model": "admin.logentry", "pk": 82, "fields": {"action_time": "2021-12-28T09:41:16.680Z", "user": 1, "content_type": 8, "object_id": "8", "object_repr": "Paulaner Spezi", "action_flag": 2, "change_message": "[{\"changed\": {\"fields\": [\"Description\", \"Tags\"]}}]"}}, {"model": "admin.logentry", "pk": 83, "fields": {"action_time": "2021-12-28T09:41:35.531Z", "user": 1, "content_type": 8, "object_id": "4", "object_repr": "Staatliches Hofbräuhaus", "action_flag": 2, "change_message": "[{\"changed\": {\"fields\": [\"Description\", \"Tags\"]}}]"}}, {"model": "admin.logentry", "pk": 84, "fields": {"action_time": "2021-12-28T09:42:01.338Z", "user": 1, "content_type": 8, "object_id": "5", "object_repr": "Double-hopped lager from Guinness", "action_flag": 2, "change_message": "[{\"changed\": {\"fields\": [\"Description\", \"Tags\"]}}]"}}, {"model": "admin.logentry", "pk": 85, "fields": {"action_time": "2021-12-28T09:43:21.670Z", "user": 1, "content_type": 8, "object_id": "24", "object_repr": "Rocky Bar Restaurant and Brewery", "action_flag": 2, "change_message": "[{\"changed\": {\"fields\": [\"Description\"]}}]"}}, {"model": "admin.logentry", "pk": 86, "fields": {"action_time": "2021-12-28T09:49:20.890Z", "user": 1, "content_type": 8, "object_id": "42", "object_repr": "Record Store near St. Pauli", "action_flag": 2, "change_message": "[]"}}, {"model": "admin.logentry", "pk": 87, "fields": {"action_time": "2021-12-28T09:50:51.191Z", "user": 1, "content_type": 8, "object_id": "44", "object_repr": "Stara Komenda Brewery - Szczecin", "action_flag": 2, "change_message": "[{\"changed\": {\"fields\": [\"Tags\"]}}]"}}, {"model": "admin.logentry", "pk": 88, "fields": {"action_time": "2021-12-28T09:51:31.784Z", "user": 1, "content_type": 8, "object_id": "7", "object_repr": "Padeburger Draught", "action_flag": 2, "change_message": "[{\"changed\": {\"fields\": [\"Description\", \"Tags\"]}}]"}}, {"model": "admin.logentry", "pk": 89, "fields": {"action_time": "2021-12-28T09:52:06.541Z", "user": 1, "content_type": 8, "object_id": "12", "object_repr": "House Brew - Xantener Strasse", "action_flag": 2, "change_message": "[{\"changed\": {\"fields\": [\"Description\", \"Tags\"]}}]"}}, {"model": "admin.logentry", "pk": 90, "fields": {"action_time": "2021-12-28T09:57:28.636Z", "user": 1, "content_type": 8, "object_id": "3", "object_repr": "Boulevard IPA", "action_flag": 2, "change_message": "[{\"changed\": {\"fields\": [\"Slug\"]}}]"}}, {"model": "admin.logentry", "pk": 91, "fields": {"action_time": "2021-12-28T10:20:07.719Z", "user": 1, "content_type": 8, "object_id": "1", "object_repr": "Stella Draught - Shenzhen", "action_flag": 2, "change_message": "[{\"changed\": {\"fields\": [\"Description\"]}}]"}}, {"model": "admin.logentry", "pk": 92, "fields": {"action_time": "2021-12-28T10:21:25.975Z", "user": 1, "content_type": 8, "object_id": "1", "object_repr": "Stella Draught - Shenzhen", "action_flag": 2, "change_message": "[]"}}, {"model": "admin.logentry", "pk": 93, "fields": {"action_time": "2021-12-28T10:21:33.100Z", "user": 1, "content_type": 8, "object_id": "2", "object_repr": "Pint of Bira Moretti - Rome", "action_flag": 2, "change_message": "[{\"changed\": {\"fields\": [\"Description\"]}}]"}}, {"model": "admin.logentry", "pk": 94, "fields": {"action_time": "2021-12-28T10:21:47.003Z", "user": 1, "content_type": 8, "object_id": "3", "object_repr": "Boulevard IPA - Shenzhen", "action_flag": 2, "change_message": "[{\"changed\": {\"fields\": [\"Description\", \"Slug\"]}}]"}}, {"model": "admin.logentry", "pk": 95, "fields": {"action_time": "2021-12-28T10:22:05.647Z", "user": 1, "content_type": 8, "object_id": "7", "object_repr": "Padeburger Draught - Berlin", "action_flag": 2, "change_message": "[{\"changed\": {\"fields\": [\"Description\", \"Slug\"]}}]"}}, {"model": "admin.logentry", "pk": 96, "fields": {"action_time": "2021-12-28T10:22:40.714Z", "user": 1, "content_type": 8, "object_id": "45", "object_repr": "La Corne du Bois - Brussels", "action_flag": 2, "change_message": "[{\"changed\": {\"fields\": [\"Description\"]}}]"}}, {"model": "admin.logentry", "pk": 97, "fields": {"action_time": "2021-12-28T10:22:54.604Z", "user": 1, "content_type": 8, "object_id": "4", "object_repr": "Staatliches Hofbräuhaus - Munich", "action_flag": 2, "change_message": "[{\"changed\": {\"fields\": [\"Description\"]}}]"}}, {"model": "admin.logentry", "pk": 98, "fields": {"action_time": "2021-12-28T10:23:02.042Z", "user": 1, "content_type": 8, "object_id": "8", "object_repr": "Paulaner Spezi - Munich", "action_flag": 2, "change_message": "[{\"changed\": {\"fields\": [\"Description\"]}}]"}}, {"model": "admin.logentry", "pk": 99, "fields": {"action_time": "2021-12-28T10:23:16.990Z", "user": 1, "content_type": 8, "object_id": "9", "object_repr": "Reidenburger Draught - Munich", "action_flag": 2, "change_message": "[{\"changed\": {\"fields\": [\"Tags\"]}}]"}}, {"model": "admin.logentry", "pk": 100, "fields": {"action_time": "2021-12-28T10:23:38.042Z", "user": 1, "content_type": 8, "object_id": "11", "object_repr": "Tetleys Draught - Hong Kong", "action_flag": 2, "change_message": "[{\"changed\": {\"fields\": [\"Tags\"]}}]"}}, {"model": "admin.logentry", "pk": 101, "fields": {"action_time": "2021-12-28T10:24:08.633Z", "user": 1, "content_type": 8, "object_id": "10", "object_repr": "Pint-stop - Staropramen - Prague", "action_flag": 2, "change_message": "[{\"changed\": {\"fields\": [\"Tags\"]}}]"}}, {"model": "admin.logentry", "pk": 102, "fields": {"action_time": "2021-12-28T10:25:17.268Z", "user": 1, "content_type": 8, "object_id": "1", "object_repr": "Stella Draught - The Brew", "action_flag": 2, "change_message": "[{\"changed\": {\"fields\": [\"Description\", \"Slug\"]}}]"}}, {"model": "admin.logentry", "pk": 103, "fields": {"action_time": "2021-12-28T10:25:29.638Z", "user": 1, "content_type": 8, "object_id": "2", "object_repr": "Pint of Bira Moretti", "action_flag": 2, "change_message": "[{\"changed\": {\"fields\": [\"Description\", \"Slug\"]}}]"}}, {"model": "admin.logentry", "pk": 104, "fields": {"action_time": "2021-12-28T10:25:42.839Z", "user": 1, "content_type": 8, "object_id": "8", "object_repr": "Paulaner Spezi", "action_flag": 2, "change_message": "[{\"changed\": {\"fields\": [\"Description\", \"Slug\"]}}]"}}, {"model": "admin.logentry", "pk": 105, "fields": {"action_time": "2021-12-28T10:26:25.233Z", "user": 1, "content_type": 8, "object_id": "8", "object_repr": "Paulaner Spezi - Munich", "action_flag": 2, "change_message": "[{\"changed\": {\"fields\": [\"Description\", \"Slug\"]}}]"}}, {"model": "admin.logentry", "pk": 106, "fields": {"action_time": "2021-12-28T10:26:42.637Z", "user": 1, "content_type": 8, "object_id": "1", "object_repr": "Stella Draught - Shenzhen", "action_flag": 2, "change_message": "[{\"changed\": {\"fields\": [\"Description\", \"Slug\"]}}]"}}, {"model": "admin.logentry", "pk": 107, "fields": {"action_time": "2021-12-28T10:27:42.441Z", "user": 1, "content_type": 8, "object_id": "2", "object_repr": "Pint of Bira Moretti - Rome", "action_flag": 2, "change_message": "[{\"changed\": {\"fields\": [\"Description\", \"Slug\"]}}]"}}, {"model": "admin.logentry", "pk": 108, "fields": {"action_time": "2021-12-28T10:27:54.330Z", "user": 1, "content_type": 8, "object_id": "12", "object_repr": "House Brew - Xantener Strasse - Berlin", "action_flag": 2, "change_message": "[{\"changed\": {\"fields\": [\"Description\"]}}]"}}, {"model": "admin.logentry", "pk": 109, "fields": {"action_time": "2021-12-28T10:31:05.950Z", "user": 1, "content_type": 8, "object_id": "16", "object_repr": "Chicken Salad - Slubice", "action_flag": 2, "change_message": "[{\"changed\": {\"fields\": [\"Tags\"]}}]"}}, {"model": "admin.logentry", "pk": 110, "fields": {"action_time": "2021-12-28T10:31:21.432Z", "user": 1, "content_type": 8, "object_id": "17", "object_repr": "Ramen in Kreuzberg - Berlin", "action_flag": 2, "change_message": "[{\"changed\": {\"fields\": [\"Tags\"]}}]"}}, {"model": "admin.logentry", "pk": 111, "fields": {"action_time": "2021-12-28T10:31:34.337Z", "user": 1, "content_type": 8, "object_id": "30", "object_repr": "Mitraillette Sandwich - Brussels", "action_flag": 2, "change_message": "[{\"changed\": {\"fields\": [\"Description\", \"Tags\"]}}]"}}, {"model": "admin.logentry", "pk": 112, "fields": {"action_time": "2021-12-28T10:34:58.477Z", "user": 1, "content_type": 8, "object_id": "18", "object_repr": "Chocolate & Mint Gelato - Rome", "action_flag": 2, "change_message": "[{\"changed\": {\"fields\": [\"Tags\"]}}]"}}, {"model": "admin.logentry", "pk": 113, "fields": {"action_time": "2021-12-28T10:36:06.199Z", "user": 1, "content_type": 8, "object_id": "27", "object_repr": "Graffiti in Senfelder Platz - Berlin", "action_flag": 2, "change_message": "[{\"changed\": {\"fields\": [\"Tags\"]}}]"}}, {"model": "admin.logentry", "pk": 114, "fields": {"action_time": "2021-12-28T10:36:17.571Z", "user": 1, "content_type": 8, "object_id": "25", "object_repr": "Graffiti near Alexander Platz - Berlin", "action_flag": 2, "change_message": "[{\"changed\": {\"fields\": [\"Tags\"]}}]"}}, {"model": "admin.logentry", "pk": 115, "fields": {"action_time": "2021-12-28T10:37:12.942Z", "user": 1, "content_type": 8, "object_id": "24", "object_repr": "Rocky Bar Craft Beer - Guangzhou", "action_flag": 2, "change_message": "[{\"changed\": {\"fields\": [\"Description\"]}}]"}}, {"model": "admin.logentry", "pk": 116, "fields": {"action_time": "2021-12-28T10:39:06.269Z", "user": 1, "content_type": 8, "object_id": "26", "object_repr": "More graffiti near Alexander Platz - Berlin", "action_flag": 2, "change_message": "[{\"changed\": {\"fields\": [\"Tags\"]}}]"}}, {"model": "admin.logentry", "pk": 117, "fields": {"action_time": "2021-12-28T10:39:41.382Z", "user": 1, "content_type": 8, "object_id": "36", "object_repr": "Winter Is Here - Slubice - Poland", "action_flag": 2, "change_message": "[{\"changed\": {\"fields\": [\"Tags\"]}}]"}}, {"model": "admin.logentry", "pk": 118, "fields": {"action_time": "2021-12-28T10:40:08.613Z", "user": 1, "content_type": 8, "object_id": "35", "object_repr": "Frozen Lake in Slubice - Poland", "action_flag": 2, "change_message": "[{\"changed\": {\"fields\": [\"Tags\"]}}]"}}, {"model": "admin.logentry", "pk": 119, "fields": {"action_time": "2021-12-28T10:51:07.176Z", "user": 1, "content_type": 8, "object_id": "17", "object_repr": "Ramen in Kreuzberg - Berlin", "action_flag": 2, "change_message": "[{\"changed\": {\"fields\": [\"Tags\"]}}]"}}, {"model": "admin.logentry", "pk": 120, "fields": {"action_time": "2021-12-28T10:53:18.325Z", "user": 1, "content_type": 8, "object_id": "39", "object_repr": "Early Morning - Hamburg", "action_flag": 2, "change_message": "[{\"changed\": {\"fields\": [\"Tags\"]}}]"}}, {"model": "admin.logentry", "pk": 121, "fields": {"action_time": "2021-12-28T10:53:43.848Z", "user": 1, "content_type": 8, "object_id": "40", "object_repr": "Reichstag Building - Berlin", "action_flag": 2, "change_message": "[{\"changed\": {\"fields\": [\"Tags\"]}}]"}}, {"model": "admin.logentry", "pk": 122, "fields": {"action_time": "2021-12-28T10:56:38.519Z", "user": 1, "content_type": 8, "object_id": "38", "object_repr": "Outer Alster Lake - Hamburg", "action_flag": 2, "change_message": "[{\"changed\": {\"fields\": [\"Tags\"]}}]"}}, {"model": "admin.logentry", "pk": 123, "fields": {"action_time": "2021-12-28T10:57:29.214Z", "user": 1, "content_type": 8, "object_id": "39", "object_repr": "Early Morning - Hamburg", "action_flag": 2, "change_message": "[]"}}, {"model": "admin.logentry", "pk": 124, "fields": {"action_time": "2021-12-28T10:58:02.082Z", "user": 1, "content_type": 8, "object_id": "10", "object_repr": "Staropramen Draught - Prague", "action_flag": 2, "change_message": "[{\"changed\": {\"fields\": [\"Description\", \"Slug\"]}}]"}}, {"model": "admin.logentry", "pk": 125, "fields": {"action_time": "2021-12-28T10:58:14.730Z", "user": 1, "content_type": 8, "object_id": "37", "object_repr": "Zeit Online Building - Hamburg", "action_flag": 2, "change_message": "[{\"changed\": {\"fields\": [\"Tags\"]}}]"}}, {"model": "admin.logentry", "pk": 126, "fields": {"action_time": "2021-12-28T10:58:34.251Z", "user": 1, "content_type": 8, "object_id": "41", "object_repr": "Speicherstadt - Warehouse District - Hamburg", "action_flag": 2, "change_message": "[{\"changed\": {\"fields\": [\"Tags\"]}}]"}}, {"model": "admin.logentry", "pk": 127, "fields": {"action_time": "2021-12-28T11:01:23.514Z", "user": 1, "content_type": 8, "object_id": "32", "object_repr": "Tomato Soup with Cheese - Prague", "action_flag": 2, "change_message": "[{\"changed\": {\"fields\": [\"Tags\"]}}]"}}, {"model": "admin.logentry", "pk": 128, "fields": {"action_time": "2021-12-28T11:01:49.286Z", "user": 1, "content_type": 8, "object_id": "31", "object_repr": "Goulash with bread dumplings - Prague", "action_flag": 2, "change_message": "[{\"changed\": {\"fields\": [\"Tags\"]}}]"}}, {"model": "admin.logentry", "pk": 129, "fields": {"action_time": "2021-12-28T11:03:41.763Z", "user": 1, "content_type": 8, "object_id": "17", "object_repr": "Ramen in Kreuzberg - Berlin", "action_flag": 2, "change_message": "[{\"changed\": {\"fields\": [\"Tags\"]}}]"}}, {"model": "admin.logentry", "pk": 130, "fields": {"action_time": "2021-12-28T11:03:51.345Z", "user": 1, "content_type": 8, "object_id": "32", "object_repr": "Tomato Soup with Cheese - Prague", "action_flag": 2, "change_message": "[{\"changed\": {\"fields\": [\"Tags\"]}}]"}}, {"model": "admin.logentry", "pk": 131, "fields": {"action_time": "2021-12-28T11:04:13.950Z", "user": 1, "content_type": 8, "object_id": "31", "object_repr": "Goulash with bread dumplings - Prague", "action_flag": 2, "change_message": "[{\"changed\": {\"fields\": [\"Tags\"]}}]"}}, {"model": "admin.logentry", "pk": 132, "fields": {"action_time": "2021-12-28T11:04:35.605Z", "user": 1, "content_type": 8, "object_id": "43", "object_repr": "Chicken & Mushroom Vol-Au-Vent", "action_flag": 2, "change_message": "[{\"changed\": {\"fields\": [\"Tags\"]}}]"}}, {"model": "admin.logentry", "pk": 133, "fields": {"action_time": "2021-12-28T11:04:43.985Z", "user": 1, "content_type": 8, "object_id": "34", "object_repr": "Sunday Breakfast at Coffee Club - Bangkok", "action_flag": 2, "change_message": "[{\"changed\": {\"fields\": [\"Tags\"]}}]"}}, {"model": "admin.logentry", "pk": 134, "fields": {"action_time": "2021-12-28T11:05:27.747Z", "user": 1, "content_type": 8, "object_id": "30", "object_repr": "Mitraillette Sandwich - Brussels", "action_flag": 2, "change_message": "[{\"changed\": {\"fields\": [\"Tags\"]}}]"}}, {"model": "admin.logentry", "pk": 135, "fields": {"action_time": "2021-12-28T11:05:59.658Z", "user": 1, "content_type": 8, "object_id": "34", "object_repr": "Sunday Breakfast at Coffee Club - Bangkok", "action_flag": 2, "change_message": "[]"}}, {"model": "admin.logentry", "pk": 136, "fields": {"action_time": "2021-12-28T11:08:23.113Z", "user": 1, "content_type": 8, "object_id": "16", "object_repr": "Chicken Salad - Slubice", "action_flag": 2, "change_message": "[{\"changed\": {\"fields\": [\"Tags\"]}}]"}}, {"model": "admin.logentry", "pk": 137, "fields": {"action_time": "2021-12-28T11:19:16.204Z", "user": 1, "content_type": 8, "object_id": "36", "object_repr": "Winter Was Here - Slubice - Poland", "action_flag": 2, "change_message": "[{\"changed\": {\"fields\": [\"Description\", \"Slug\"]}}]"}}, {"model": "admin.logentry", "pk": 138, "fields": {"action_time": "2021-12-28T13:27:16.787Z", "user": 1, "content_type": 8, "object_id": "42", "object_repr": "Record Store near St. Pauli - Hamburg", "action_flag": 2, "change_message": "[{\"changed\": {\"fields\": [\"Description\"]}}]"}}, {"model": "admin.logentry", "pk": 139, "fields": {"action_time": "2021-12-28T13:29:41.024Z", "user": 1, "content_type": 8, "object_id": "9", "object_repr": "Riedenburger Draught - Munich", "action_flag": 2, "change_message": "[{\"changed\": {\"fields\": [\"Description\", \"Slug\"]}}]"}}, {"model": "admin.logentry", "pk": 140, "fields": {"action_time": "2021-12-28T13:33:07.580Z", "user": 1, "content_type": 8, "object_id": "34", "object_repr": "Sunday breakfast at Coffee Club - Bangkok", "action_flag": 2, "change_message": "[{\"changed\": {\"fields\": [\"Description\"]}}]"}}, {"model": "admin.logentry", "pk": 141, "fields": {"action_time": "2021-12-29T08:57:09.466Z", "user": 1, "content_type": 8, "object_id": "46", "object_repr": "Breakfast in Charlottenburg - Berlin", "action_flag": 2, "change_message": "[{\"changed\": {\"fields\": [\"Tags\"]}}]"}}, {"model": "admin.logentry", "pk": 142, "fields": {"action_time": "2021-12-29T08:58:46.306Z", "user": 1, "content_type": 8, "object_id": "47", "object_repr": "Croissant in the afternoon - Berlin", "action_flag": 2, "change_message": "[{\"changed\": {\"fields\": [\"Tags\"]}}]"}}, {"model": "admin.logentry", "pk": 143, "fields": {"action_time": "2021-12-29T09:00:09.737Z", "user": 1, "content_type": 8, "object_id": "48", "object_repr": "Mixed Grill - Istanbul", "action_flag": 2, "change_message": "[{\"changed\": {\"fields\": [\"Tags\"]}}]"}}, {"model": "admin.logentry", "pk": 144, "fields": {"action_time": "2021-12-29T09:03:32.514Z", "user": 1, "content_type": 8, "object_id": "49", "object_repr": "Tagliatelle Bolognese - Rome", "action_flag": 2, "change_message": "[{\"changed\": {\"fields\": [\"Tags\"]}}]"}}, {"model": "admin.logentry", "pk": 145, "fields": {"action_time": "2021-12-29T09:04:59.135Z", "user": 1, "content_type": 8, "object_id": "50", "object_repr": "Gelato from Venchi - Rome", "action_flag": 2, "change_message": "[{\"changed\": {\"fields\": [\"Tags\"]}}]"}}, {"model": "admin.logentry", "pk": 146, "fields": {"action_time": "2021-12-29T09:09:58.649Z", "user": 1, "content_type": 8, "object_id": "51", "object_repr": "Post-lunch Tiramisu - Rome", "action_flag": 2, "change_message": "[{\"changed\": {\"fields\": [\"Tags\"]}}]"}}, {"model": "admin.logentry", "pk": 147, "fields": {"action_time": "2021-12-29T09:18:01.221Z", "user": 1, "content_type": 8, "object_id": "53", "object_repr": "Hot Dog at Vantaa Airport - Helsinki", "action_flag": 2, "change_message": "[{\"changed\": {\"fields\": [\"Tags\"]}}]"}}, {"model": "admin.logentry", "pk": 148, "fields": {"action_time": "2021-12-29T09:19:12.995Z", "user": 1, "content_type": 8, "object_id": "52", "object_repr": "Wifey in Cappadocia - Turkey", "action_flag": 2, "change_message": "[{\"changed\": {\"fields\": [\"Tags\"]}}]"}}, {"model": "admin.logentry", "pk": 149, "fields": {"action_time": "2021-12-29T09:20:42.487Z", "user": 1, "content_type": 8, "object_id": "54", "object_repr": "Happy wife, happy life - Istanbul", "action_flag": 2, "change_message": "[{\"changed\": {\"fields\": [\"Tags\"]}}]"}}, {"model": "admin.logentry", "pk": 150, "fields": {"action_time": "2021-12-29T09:20:56.437Z", "user": 1, "content_type": 8, "object_id": "54", "object_repr": "Happy wife, happy life - Istanbul", "action_flag": 2, "change_message": "[{\"changed\": {\"fields\": [\"Category\"]}}]"}}, {"model": "admin.logentry", "pk": 151, "fields": {"action_time": "2021-12-29T09:23:53.345Z", "user": 1, "content_type": 8, "object_id": "55", "object_repr": "Wifey munching on berries - Prague", "action_flag": 2, "change_message": "[{\"changed\": {\"fields\": [\"Tags\"]}}]"}}, {"model": "admin.logentry", "pk": 152, "fields": {"action_time": "2021-12-29T09:25:42.639Z", "user": 1, "content_type": 8, "object_id": "56", "object_repr": "Relaxing in the park - Prague", "action_flag": 2, "change_message": "[{\"changed\": {\"fields\": [\"Tags\"]}}]"}}, {"model": "admin.logentry", "pk": 153, "fields": {"action_time": "2021-12-29T09:26:17.780Z", "user": 1, "content_type": 8, "object_id": "55", "object_repr": "Wifey munching on berries - Prague", "action_flag": 2, "change_message": "[{\"changed\": {\"fields\": [\"Tags\"]}}]"}}, {"model": "admin.logentry", "pk": 154, "fields": {"action_time": "2021-12-29T09:26:42.000Z", "user": 1, "content_type": 8, "object_id": "55", "object_repr": "Wifey munching on berries - Prague", "action_flag": 2, "change_message": "[{\"changed\": {\"fields\": [\"Tags\"]}}]"}}, {"model": "admin.logentry", "pk": 155, "fields": {"action_time": "2021-12-29T09:29:25.257Z", "user": 1, "content_type": 8, "object_id": "57", "object_repr": "Autumn Leaves - Berlin", "action_flag": 2, "change_message": "[{\"changed\": {\"fields\": [\"Tags\"]}}]"}}, {"model": "admin.logentry", "pk": 156, "fields": {"action_time": "2021-12-29T09:30:07.571Z", "user": 1, "content_type": 8, "object_id": "58", "object_repr": "Cappadocia at night - Turkey", "action_flag": 2, "change_message": "[{\"changed\": {\"fields\": [\"Tags\"]}}]"}}, {"model": "admin.logentry", "pk": 157, "fields": {"action_time": "2021-12-29T09:31:03.726Z", "user": 1, "content_type": 8, "object_id": "58", "object_repr": "Cappadocia at night - Turkey", "action_flag": 3, "change_message": ""}}, {"model": "admin.logentry", "pk": 158, "fields": {"action_time": "2021-12-29T09:33:55.626Z", "user": 1, "content_type": 8, "object_id": "59", "object_repr": "Cappadocia landscape - Turkey", "action_flag": 2, "change_message": "[{\"changed\": {\"fields\": [\"Tags\"]}}]"}}, {"model": "admin.logentry", "pk": 159, "fields": {"action_time": "2021-12-29T09:34:41.236Z", "user": 1, "content_type": 8, "object_id": "60", "object_repr": "Cappadocia landscape 2 - Turkey", "action_flag": 2, "change_message": "[{\"changed\": {\"fields\": [\"Tags\"]}}]"}}, {"model": "admin.logentry", "pk": 160, "fields": {"action_time": "2021-12-29T09:36:24.872Z", "user": 1, "content_type": 8, "object_id": "61", "object_repr": "Early Morning - Amsterdam", "action_flag": 2, "change_message": "[{\"changed\": {\"fields\": [\"Tags\"]}}]"}}, {"model": "admin.logentry", "pk": 161, "fields": {"action_time": "2021-12-29T09:38:03.813Z", "user": 1, "content_type": 8, "object_id": "62", "object_repr": "Maximilians Platz - Munich", "action_flag": 2, "change_message": "[{\"changed\": {\"fields\": [\"Tags\"]}}]"}}, {"model": "admin.logentry", "pk": 162, "fields": {"action_time": "2021-12-29T09:39:52.231Z", "user": 1, "content_type": 8, "object_id": "63", "object_repr": "Olivaer Platz - Berlin", "action_flag": 2, "change_message": "[{\"changed\": {\"fields\": [\"Tags\"]}}]"}}, {"model": "admin.logentry", "pk": 163, "fields": {"action_time": "2021-12-29T09:50:50.482Z", "user": 1, "content_type": 8, "object_id": "64", "object_repr": "Inside the castle - Prague", "action_flag": 2, "change_message": "[{\"changed\": {\"fields\": [\"Tags\"]}}]"}}, {"model": "admin.logentry", "pk": 164, "fields": {"action_time": "2021-12-29T09:52:14.707Z", "user": 1, "content_type": 8, "object_id": "65", "object_repr": "Fountain of St. Peters - Rome", "action_flag": 2, "change_message": "[{\"changed\": {\"fields\": [\"Tags\"]}}]"}}, {"model": "admin.logentry", "pk": 165, "fields": {"action_time": "2021-12-29T09:53:17.278Z", "user": 1, "content_type": 8, "object_id": "65", "object_repr": "Fountain of St. Peters Square - Rome", "action_flag": 2, "change_message": "[{\"changed\": {\"fields\": [\"Description\", \"Slug\"]}}]"}}, {"model": "admin.logentry", "pk": 166, "fields": {"action_time": "2021-12-29T09:55:46.071Z", "user": 1, "content_type": 8, "object_id": "66", "object_repr": "Cobbled streets - Rome", "action_flag": 2, "change_message": "[{\"changed\": {\"fields\": [\"Tags\"]}}]"}}, {"model": "admin.logentry", "pk": 167, "fields": {"action_time": "2021-12-29T09:56:13.504Z", "user": 1, "content_type": 8, "object_id": "67", "object_repr": "Cappadocia at night - Turkey", "action_flag": 2, "change_message": "[{\"changed\": {\"fields\": [\"Tags\"]}}]"}}, {"model": "admin.logentry", "pk": 168, "fields": {"action_time": "2021-12-29T09:58:43.976Z", "user": 1, "content_type": 8, "object_id": "68", "object_repr": "Near Wanchai - Hong Kong", "action_flag": 2, "change_message": "[{\"changed\": {\"fields\": [\"Tags\"]}}]"}}, {"model": "admin.logentry", "pk": 169, "fields": {"action_time": "2021-12-29T10:10:10.513Z", "user": 1, "content_type": 8, "object_id": "68", "object_repr": "Near Wanchai - Hong Kong", "action_flag": 2, "change_message": "[]"}}, {"model": "admin.logentry", "pk": 170, "fields": {"action_time": "2021-12-29T16:19:25.881Z", "user": 1, "content_type": 9, "object_id": "18", "object_repr": "blue-skies", "action_flag": 2, "change_message": "[{\"changed\": {\"fields\": [\"Name\", \"Slug\"]}}]"}}, {"model": "admin.logentry", "pk": 171, "fields": {"action_time": "2021-12-30T20:48:03.311Z", "user": 1, "content_type": 8, "object_id": "36", "object_repr": "Winter Was Here - Slubice - Poland", "action_flag": 2, "change_message": "[{\"changed\": {\"fields\": [\"Image\"]}}]"}}, {"model": "admin.logentry", "pk": 172, "fields": {"action_time": "2021-12-30T20:48:33.491Z", "user": 1, "content_type": 8, "object_id": "60", "object_repr": "Cappadocia landscape 2 - Turkey", "action_flag": 2, "change_message": "[{\"changed\": {\"fields\": [\"Image\"]}}]"}}, {"model": "auth.permission", "pk": 1, "fields": {"name": "Can add log entry", "content_type": 1, "codename": "add_logentry"}}, {"model": "auth.permission", "pk": 2, "fields": {"name": "Can change log entry", "content_type": 1, "codename": "change_logentry"}}, {"model": "auth.permission", "pk": 3, "fields": {"name": "Can delete log entry", "content_type": 1, "codename": "delete_logentry"}}, {"model": "auth.permission", "pk": 4, "fields": {"name": "Can view log entry", "content_type": 1, "codename": "view_logentry"}}, {"model": "auth.permission", "pk": 5, "fields": {"name": "Can add permission", "content_type": 2, "codename": "add_permission"}}, {"model": "auth.permission", "pk": 6, "fields": {"name": "Can change permission", "content_type": 2, "codename": "change_permission"}}, {"model": "auth.permission", "pk": 7, "fields": {"name": "Can delete permission", "content_type": 2, "codename": "delete_permission"}}, {"model": "auth.permission", "pk": 8, "fields": {"name": "Can view permission", "content_type": 2, "codename": "view_permission"}}, {"model": "auth.permission", "pk": 9, "fields": {"name": "Can add group", "content_type": 3, "codename": "add_group"}}, {"model": "auth.permission", "pk": 10, "fields": {"name": "Can change group", "content_type": 3, "codename": "change_group"}}, {"model": "auth.permission", "pk": 11, "fields": {"name": "Can delete group", "content_type": 3, "codename": "delete_group"}}, {"model": "auth.permission", "pk": 12, "fields": {"name": "Can view group", "content_type": 3, "codename": "view_group"}}, {"model": "auth.permission", "pk": 13, "fields": {"name": "Can add user", "content_type": 4, "codename": "add_user"}}, {"model": "auth.permission", "pk": 14, "fields": {"name": "Can change user", "content_type": 4, "codename": "change_user"}}, {"model": "auth.permission", "pk": 15, "fields": {"name": "Can delete user", "content_type": 4, "codename": "delete_user"}}, {"model": "auth.permission", "pk": 16, "fields": {"name": "Can view user", "content_type": 4, "codename": "view_user"}}, {"model": "auth.permission", "pk": 17, "fields": {"name": "Can add content type", "content_type": 5, "codename": "add_contenttype"}}, {"model": "auth.permission", "pk": 18, "fields": {"name": "Can change content type", "content_type": 5, "codename": "change_contenttype"}}, {"model": "auth.permission", "pk": 19, "fields": {"name": "Can delete content type", "content_type": 5, "codename": "delete_contenttype"}}, {"model": "auth.permission", "pk": 20, "fields": {"name": "Can view content type", "content_type": 5, "codename": "view_contenttype"}}, {"model": "auth.permission", "pk": 21, "fields": {"name": "Can add session", "content_type": 6, "codename": "add_session"}}, {"model": "auth.permission", "pk": 22, "fields": {"name": "Can change session", "content_type": 6, "codename": "change_session"}}, {"model": "auth.permission", "pk": 23, "fields": {"name": "Can delete session", "content_type": 6, "codename": "delete_session"}}, {"model": "auth.permission", "pk": 24, "fields": {"name": "Can view session", "content_type": 6, "codename": "view_session"}}, {"model": "auth.permission", "pk": 25, "fields": {"name": "Can add category", "content_type": 7, "codename": "add_category"}}, {"model": "auth.permission", "pk": 26, "fields": {"name": "Can change category", "content_type": 7, "codename": "change_category"}}, {"model": "auth.permission", "pk": 27, "fields": {"name": "Can delete category", "content_type": 7, "codename": "delete_category"}}, {"model": "auth.permission", "pk": 28, "fields": {"name": "Can view category", "content_type": 7, "codename": "view_category"}}, {"model": "auth.permission", "pk": 29, "fields": {"name": "Can add photo", "content_type": 8, "codename": "add_photo"}}, {"model": "auth.permission", "pk": 30, "fields": {"name": "Can change photo", "content_type": 8, "codename": "change_photo"}}, {"model": "auth.permission", "pk": 31, "fields": {"name": "Can delete photo", "content_type": 8, "codename": "delete_photo"}}, {"model": "auth.permission", "pk": 32, "fields": {"name": "Can view photo", "content_type": 8, "codename": "view_photo"}}, {"model": "auth.permission", "pk": 33, "fields": {"name": "Can add tag", "content_type": 9, "codename": "add_tag"}}, {"model": "auth.permission", "pk": 34, "fields": {"name": "Can change tag", "content_type": 9, "codename": "change_tag"}}, {"model": "auth.permission", "pk": 35, "fields": {"name": "Can delete tag", "content_type": 9, "codename": "delete_tag"}}, {"model": "auth.permission", "pk": 36, "fields": {"name": "Can view tag", "content_type": 9, "codename": "view_tag"}}, {"model": "auth.permission", "pk": 37, "fields": {"name": "Can add tagged item", "content_type": 10, "codename": "add_taggeditem"}}, {"model": "auth.permission", "pk": 38, "fields": {"name": "Can change tagged item", "content_type": 10, "codename": "change_taggeditem"}}, {"model": "auth.permission", "pk": 39, "fields": {"name": "Can delete tagged item", "content_type": 10, "codename": "delete_taggeditem"}}, {"model": "auth.permission", "pk": 40, "fields": {"name": "Can view tagged item", "content_type": 10, "codename": "view_taggeditem"}}, {"model": "auth.user", "pk": 1, "fields": {"password": "pbkdf2_sha256$260000$YgPl8h3mWsxxa8IwFItnuE$TlK/qxiHPk5HQONAOTs3J0gDfE+jfEm1ValTeJ3WzH8=", "last_login": "2021-12-30T20:47:25.885Z", "is_superuser": true, "username": "varun", "first_name": "", "last_name": "", "email": "varun.prak@gmail.com", "is_staff": true, "is_active": true, "date_joined": "2021-12-14T07:46:13.793Z", "groups": [], "user_permissions": []}}, {"model": "sessions.session", "pk": "ahfrwsc3f8r4ecvk8hi2ubk3u7bycc4p", "fields": {"session_data": ".eJxVjDsOwjAQRO_iGllrJ_4sJT1nsNZegwPIluKkQtydREoBzRTz3sxbBFqXEtae5zCxOAslTr9dpPTMdQf8oHpvMrW6zFOUuyIP2uW1cX5dDvfvoFAv21qT1RmsGzArkxC2YEUKx-QHh8aj9ciQb6PTfohMLqFhgOgjOEjKis8Xu-A27A:1my9G1:HRGKS4w4DD6TjL1shtR9_8beI0qE2pYeVja398-N3c4", "expire_date": "2021-12-31T09:10:29.797Z"}}, {"model": "sessions.session", "pk": "nh44o42e0qbu0uq15f4r3vzo63ths9ju", "fields": {"session_data": ".eJxVjDsOwjAQRO_iGllrJ_4sJT1nsNZegwPIluKkQtydREoBzRTz3sxbBFqXEtae5zCxOAslTr9dpPTMdQf8oHpvMrW6zFOUuyIP2uW1cX5dDvfvoFAv21qT1RmsGzArkxC2YEUKx-QHh8aj9ciQb6PTfohMLqFhgOgjOEjKis8Xu-A27A:1n1r0L:4UaDJEVseG-l70EdYeMM0CxMZT8XbpLr5PiTJ8C4d98", "expire_date": "2022-01-10T14:29:37.551Z"}}, {"model": "sessions.session", "pk": "p4sqz02zp42sjn40783jtxv800l5m4ei", "fields": {"session_data": ".eJxVjDsOwjAQRO_iGllrJ_4sJT1nsNZegwPIluKkQtydREoBzRTz3sxbBFqXEtae5zCxOAslTr9dpPTMdQf8oHpvMrW6zFOUuyIP2uW1cX5dDvfvoFAv21qT1RmsGzArkxC2YEUKx-QHh8aj9ciQb6PTfohMLqFhgOgjOEjKis8Xu-A27A:1mx2Wz:0a5BI1Ja3AeUX51xQcmlwHm7MaeCzW7OnrECIJfrTeU", "expire_date": "2021-12-28T07:47:25.385Z"}}, {"model": "myphotos.category", "pk": 1, "fields": {"name": "Beer"}}, {"model": "myphotos.category", "pk": 2, "fields": {"name": "Food"}}, {"model": "myphotos.category", "pk": 3, "fields": {"name": "Travel"}}, {"model": "myphotos.photo", "pk": 1, "fields": {"description": "Stella Draught - Shenzhen", "category": 1, "image": "mini_Stella_CZvq8Qx.jpg", "slug": "stella-draught-shenzhen"}}, {"model": "myphotos.photo", "pk": 2, "fields": {"description": "Pint of Bira Moretti - Rome", "category": 1, "image": "mini_Bira_Moretti_pQaNXVd.jpg", "slug": "pint-of-bira-moretti-rome"}}, {"model": "myphotos.photo", "pk": 3, "fields": {"description": "Boulevard IPA - Shenzhen", "category": 1, "image": "mini_Boulevard_Brewing_Co.jpg", "slug": "boulevard-ipa-shenzhen"}}, {"model": "myphotos.photo", "pk": 4, "fields": {"description": "Staatliches Hofbräuhaus - Munich", "category": 1, "image": "mini_HB_Munchen_q5b5fa8.jpg", "slug": "staatliches-hofbrauhaus-munich"}}, {"model": "myphotos.photo", "pk": 5, "fields": {"description": "Double-hopped lager from Guinness", "category": 1, "image": "mini_Hop_House_Lager_AWDq5q1.jpg", "slug": "double-hopped-lager-from-guinness-amsterdam"}}, {"model": "myphotos.photo", "pk": 6, "fields": {"description": "Kek IPA - Amsterdam", "category": 1, "image": "mini_Kek.jpg", "slug": "kek-ipa-amsterdam"}}, {"model": "myphotos.photo", "pk": 7, "fields": {"description": "Padeburger Draught - Berlin", "category": 1, "image": "mini_Padeberger.jpg", "slug": "padeburger-draught-berlin"}}, {"model": "myphotos.photo", "pk": 8, "fields": {"description": "Paulaner Spezi - Munich", "category": 1, "image": "mini_Paulaner_Spezi.jpg", "slug": "paulaner-spezi-munich"}}, {"model": "myphotos.photo", "pk": 9, "fields": {"description": "Riedenburger Draught - Munich", "category": 1, "image": "mini_Reidenburger_GbzW3QX.jpg", "slug": "riedenburger-draught-munich"}}, {"model": "myphotos.photo", "pk": 10, "fields": {"description": "Staropramen Draught - Prague", "category": 1, "image": "mini_Staropramen_GF4vhSH.jpg", "slug": "staropramen-draught-prague"}}, {"model": "myphotos.photo", "pk": 11, "fields": {"description": "Tetleys Draught - Hong Kong", "category": 1, "image": "mini_Tetleys_oC3HOgD.jpg", "slug": "pint-stop-tetleys-hong-kong"}}, {"model": "myphotos.photo", "pk": 12, "fields": {"description": "House Brew - Xantener Strasse - Berlin", "category": 1, "image": "mini_Xantener_Eck_epNMExn.jpg", "slug": "house-brew-xantener-strasse-berlin"}}, {"model": "myphotos.photo", "pk": 16, "fields": {"description": "Chicken Salad - Slubice", "category": 2, "image": "mini_Salad_heRIFoy.jpg", "slug": "chicken-salad-slubice"}}, {"model": "myphotos.photo", "pk": 17, "fields": {"description": "Ramen in Kreuzberg - Berlin", "category": 2, "image": "mini_Ramen_QZfne8b.jpg", "slug": "ramen-in-kreuzberg-berlin"}}, {"model": "myphotos.photo", "pk": 18, "fields": {"description": "Chocolate & Mint Gelato - Rome", "category": 2, "image": "mini_Gelato_HFz50Of.jpg", "slug": "chocolate-mint-gelato-rome"}}, {"model": "myphotos.photo", "pk": 24, "fields": {"description": "Rocky Bar Craft Beer - Guangzhou", "category": 1, "image": "mini_Rocky_Bar_Tyfp1fe.jpg", "slug": "rocky-bar-craft-beer-guangzhou"}}, {"model": "myphotos.photo", "pk": 25, "fields": {"description": "Graffiti near Alexander Platz - Berlin", "category": 3, "image": "mini_Berlin_Graffiti_1_-_Alexander_Platz_cRzTOg9_IBoedJg.jpg", "slug": "graffiti-near-alexander-platz-berlin"}}, {"model": "myphotos.photo", "pk": 26, "fields": {"description": "More graffiti near Alexander Platz - Berlin", "category": 3, "image": "mini_Berlin_Graffiti_2_-_Alexander_Platz_PH312FB.jpg", "slug": "more-graffiti-near-alexander-platz-berlin"}}, {"model": "myphotos.photo", "pk": 27, "fields": {"description": "Graffiti in Senfelder Platz - Berlin", "category": 3, "image": "mini_Berlin_Graffiti_3_-_Senfelder_Platz_QcigERk_7iXbIM2.jpg", "slug": "graffiti-in-senfelder-platz-berlin"}}, {"model": "myphotos.photo", "pk": 30, "fields": {"description": "Mitraillette Sandwich - Brussels", "category": 2, "image": "mini_Brussels_Mitraillette.jpg", "slug": "mitraillette-sandwich-brussels"}}, {"model": "myphotos.photo", "pk": 31, "fields": {"description": "Goulash with bread dumplings - Prague", "category": 2, "image": "mini_Goulash_Dumplings_Prague.jpg", "slug": "goulash-with-bread-dumplings-prague"}}, {"model": "myphotos.photo", "pk": 32, "fields": {"description": "Tomato Soup with Cheese - Prague", "category": 2, "image": "mini_Tomato_Soup_Prague.jpg", "slug": "tomato-soup-with-cheese-prague"}}, {"model": "myphotos.photo", "pk": 34, "fields": {"description": "Sunday breakfast at Coffee Club - Bangkok", "category": 2, "image": "mini_Coffee_Club_Bkk.jpg", "slug": "sunday-breakfast-at-coffee-club-bangkok"}}, {"model": "myphotos.photo", "pk": 35, "fields": {"description": "Frozen Lake in Slubice - Poland", "category": 3, "image": "mini_Slubice_Winter_1.jpg", "slug": "frozen-lake-in-slubice-poland"}}, {"model": "myphotos.photo", "pk": 36, "fields": {"description": "Winter Was Here - Slubice - Poland", "category": 3, "image": "mini_Slubice_Winter_2.jpg", "slug": "winter-was-here-slubice-poland"}}, {"model": "myphotos.photo", "pk": 37, "fields": {"description": "Zeit Online Building - Hamburg", "category": 3, "image": "mini_Zeit_Online_Hamburg.jpg", "slug": "zeit-online-building-hamburg"}}, {"model": "myphotos.photo", "pk": 38, "fields": {"description": "Outer Alster Lake - Hamburg", "category": 3, "image": "mini_Outer_Alster_Lake.jpg", "slug": "outer-alster-lake-hamburg"}}, {"model": "myphotos.photo", "pk": 39, "fields": {"description": "Early Morning - Hamburg", "category": 3, "image": "mini_Hamburg_Early_Morning.jpg", "slug": "early-morning-hamburg"}}, {"model": "myphotos.photo", "pk": 40, "fields": {"description": "Reichstag Building - Berlin", "category": 3, "image": "mini_Reichstag_Berlin.jpg", "slug": "reichstag-building-berlin"}}, {"model": "myphotos.photo", "pk": 41, "fields": {"description": "Speicherstadt - Warehouse District - Hamburg", "category": 3, "image": "mini_Hamburg_Warehouse_District.jpg", "slug": "speicherstadt-warehouse-district-hamburg"}}, {"model": "myphotos.photo", "pk": 42, "fields": {"description": "Record Store near St. Pauli - Hamburg", "category": 3, "image": "mini_Record_Store_near_St_Pauli_-_Hamburg.jpg", "slug": "record-store-near-st-pauli-hamburg"}}, {"model": "myphotos.photo", "pk": 43, "fields": {"description": "Chicken & Mushroom Vol-Au-Vent", "category": 2, "image": "mini_Chicken_Mushroom.jpg", "slug": "chicken-mushroom-vol-au-vent"}}, {"model": "myphotos.photo", "pk": 44, "fields": {"description": "Stara Komenda Brewery - Szczecin", "category": 1, "image": "mini_Craft_Beer_Sczeczin.jpg", "slug": "stara-komenda-brewery-szczecin"}}, {"model": "myphotos.photo", "pk": 45, "fields": {"description": "La Corne du Bois - Brussels", "category": 1, "image": "mini_Brussels_Beer_2.jpg", "slug": "la-corne-du-bois-brussels"}}, {"model": "myphotos.photo", "pk": 46, "fields": {"description": "Breakfast in Charlottenburg - Berlin", "category": 2, "image": "mini_Breakfast_-_Berlin.jpg", "slug": "breakfast-in-charlottenburg-berlin"}}, {"model": "myphotos.photo", "pk": 47, "fields": {"description": "Croissant in the afternoon - Berlin", "category": 2, "image": "mini_Croissant_-_Berlin.jpg", "slug": "croissant-in-the-afternoon-berlin"}}, {"model": "myphotos.photo", "pk": 48, "fields": {"description": "Mixed Grill - Istanbul", "category": 2, "image": "mini_Mixed_Grill_-_Istanbul.jpg", "slug": "mixed-grill-istanbul"}}, {"model": "myphotos.photo", "pk": 49, "fields": {"description": "Tagliatelle Bolognese - Rome", "category": 2, "image": "mini_Tagliatelle_Bolognese_-_Rome.jpg", "slug": "tagliatelle-bolognese-rome"}}, {"model": "myphotos.photo", "pk": 50, "fields": {"description": "Gelato from Venchi - Rome", "category": 2, "image": "mini_Venchi_Gelato_-_Rome.jpg", "slug": "gelato-from-venchi-rome"}}, {"model": "myphotos.photo", "pk": 51, "fields": {"description": "Post-lunch Tiramisu - Rome", "category": 2, "image": "mini_Tiramisu_-_Rome.jpg", "slug": "post-lunch-tiramisu-rome"}}, {"model": "myphotos.photo", "pk": 52, "fields": {"description": "Wifey in Cappadocia - Turkey", "category": 3, "image": "mini_Wifey_-_Cappadoccia_Turkey.jpg", "slug": "wifey-in-cappadocia-turkey"}}, {"model": "myphotos.photo", "pk": 53, "fields": {"description": "Hot Dog at Vantaa Airport - Helsinki", "category": 2, "image": "mini_Hot_Dog_-_Vantaa_Airport_Helsinki.jpg", "slug": "hot-dog-at-vantaa-airport-helsinki"}}, {"model": "myphotos.photo", "pk": 54, "fields": {"description": "Happy wife, happy life - Istanbul", "category": 3, "image": "mini_Wifey_in_Istanbul.jpg", "slug": "happy-wife-happy-life-istanbul"}}, {"model": "myphotos.photo", "pk": 55, "fields": {"description": "Wifey munching on berries - Prague", "category": 3, "image": "mini_Fresh_Berries_-_Prague.jpg", "slug": "wifey-munching-on-berries-prague"}}, {"model": "myphotos.photo", "pk": 56, "fields": {"description": "Relaxing in the park - Prague", "category": 3, "image": "mini_In_the_Park_-_Prague.jpg", "slug": "relaxing-in-the-park-prague"}}, {"model": "myphotos.photo", "pk": 57, "fields": {"description": "Autumn Leaves - Berlin", "category": 3, "image": "mini_Autumn_Leaves_-_Berlin.jpg", "slug": "autumn-leaves-berlin"}}, {"model": "myphotos.photo", "pk": 59, "fields": {"description": "Cappadocia landscape - Turkey", "category": 3, "image": "mini_Cappadoccia_Mountains.jpg", "slug": "cappadocia-landscape-turkey"}}, {"model": "myphotos.photo", "pk": 60, "fields": {"description": "Cappadocia landscape 2 - Turkey", "category": 3, "image": "mini_Cappadoccia_Mountains_2.jpg", "slug": "cappadocia-landscape-2-turkey"}}, {"model": "myphotos.photo", "pk": 61, "fields": {"description": "Early Morning - Amsterdam", "category": 3, "image": "mini_Christmas_Morning_-_Amsterdam.jpg", "slug": "early-morning-amsterdam"}}, {"model": "myphotos.photo", "pk": 62, "fields": {"description": "Maximilians Platz - Munich", "category": 3, "image": "mini_Maxamillian_Platz_-_Munich.jpg", "slug": "maximilians-platz-munich"}}, {"model": "myphotos.photo", "pk": 63, "fields": {"description": "Olivaer Platz - Berlin", "category": 3, "image": "mini_Olivaer_Platz_-_Berlin.jpg", "slug": "olivaer-platz-berlin"}}, {"model": "myphotos.photo", "pk": 64, "fields": {"description": "Inside the castle - Prague", "category": 3, "image": "mini_Prague_Castle_-_Prague.jpg", "slug": "inside-the-castle-prague"}}, {"model": "myphotos.photo", "pk": 65, "fields": {"description": "Fountain of St. Peters Square - Rome", "category": 3, "image": "mini_Vatican_City.jpg", "slug": "fountain-of-st-peters-square-rome"}}, {"model": "myphotos.photo", "pk": 66, "fields": {"description": "Cobbled streets - Rome", "category": 3, "image": "mini_Streets_of_Rome.jpg", "slug": "cobbled-streets-rome"}}, {"model": "myphotos.photo", "pk": 67, "fields": {"description": "Cappadocia at night - Turkey", "category": 3, "image": "mini_Cappadoccia_at_Night_-_Turkey_xJYu3WW.jpg", "slug": "cappadocia-at-night-turkey"}}, {"model": "myphotos.photo", "pk": 68, "fields": {"description": "Near Wanchai - Hong Kong", "category": 3, "image": "mini_TST_-_Hong_Kong.jpg", "slug": "near-wanchai-hong-kong"}}, {"model": "taggit.tag", "pk": 2, "fields": {"name": "shenzhen", "slug": "shenzhen_1"}}, {"model": "taggit.tag", "pk": 3, "fields": {"name": "beer", "slug": "beer"}}, {"model": "taggit.tag", "pk": 4, "fields": {"name": "guangzhou", "slug": "guangzhou"}}, {"model": "taggit.tag", "pk": 5, "fields": {"name": "rome", "slug": "rome"}}, {"model": "taggit.tag", "pk": 6, "fields": {"name": "brussels", "slug": "brussels"}}, {"model": "taggit.tag", "pk": 7, "fields": {"name": "berlin", "slug": "berlin"}}, {"model": "taggit.tag", "pk": 8, "fields": {"name": "amsterdam", "slug": "amsterdam"}}, {"model": "taggit.tag", "pk": 9, "fields": {"name": "hamburg", "slug": "hamburg"}}, {"model": "taggit.tag", "pk": 10, "fields": {"name": "munich", "slug": "munich"}}, {"model": "taggit.tag", "pk": 11, "fields": {"name": "poland", "slug": "poland"}}, {"model": "taggit.tag", "pk": 12, "fields": {"name": "hongkong", "slug": "hongkong"}}, {"model": "taggit.tag", "pk": 13, "fields": {"name": "prague", "slug": "prague"}}, {"model": "taggit.tag", "pk": 14, "fields": {"name": "ice-cream", "slug": "ice-cream"}}, {"model": "taggit.tag", "pk": 15, "fields": {"name": "graffiti", "slug": "graffiti"}}, {"model": "taggit.tag", "pk": 16, "fields": {"name": "snow", "slug": "snow"}}, {"model": "taggit.tag", "pk": 17, "fields": {"name": "ramen", "slug": "ramen"}}, {"model": "taggit.tag", "pk": 18, "fields": {"name": "blue-skies", "slug": "blue-skies"}}, {"model": "taggit.tag", "pk": 19, "fields": {"name": "goulash", "slug": "goulash"}}, {"model": "taggit.tag", "pk": 20, "fields": {"name": "food", "slug": "food"}}, {"model": "taggit.tag", "pk": 21, "fields": {"name": "bangkok", "slug": "bangkok"}}, {"model": "taggit.tag", "pk": 22, "fields": {"name": "turkey", "slug": "turkey"}}, {"model": "taggit.tag", "pk": 23, "fields": {"name": "helsinki", "slug": "helsinki"}}, {"model": "taggit.tag", "pk": 24, "fields": {"name": "night", "slug": "night"}}, {"model": "taggit.taggeditem", "pk": 2, "fields": {"tag": 2, "content_type": 8, "object_id": 1}}, {"model": "taggit.taggeditem", "pk": 3, "fields": {"tag": 2, "content_type": 8, "object_id": 3}}, {"model": "taggit.taggeditem", "pk": 5, "fields": {"tag": 3, "content_type": 8, "object_id": 3}}, {"model": "taggit.taggeditem", "pk": 6, "fields": {"tag": 3, "content_type": 8, "object_id": 24}}, {"model": "taggit.taggeditem", "pk": 7, "fields": {"tag": 4, "content_type": 8, "object_id": 24}}, {"model": "taggit.taggeditem", "pk": 8, "fields": {"tag": 3, "content_type": 8, "object_id": 1}}, {"model": "taggit.taggeditem", "pk": 9, "fields": {"tag": 3, "content_type": 8, "object_id": 2}}, {"model": "taggit.taggeditem", "pk": 10, "fields": {"tag": 5, "content_type": 8, "object_id": 2}}, {"model": "taggit.taggeditem", "pk": 11, "fields": {"tag": 3, "content_type": 8, "object_id": 45}}, {"model": "taggit.taggeditem", "pk": 12, "fields": {"tag": 6, "content_type": 8, "object_id": 45}}, {"model": "taggit.taggeditem", "pk": 13, "fields": {"tag": 7, "content_type": 8, "object_id": 40}}, {"model": "taggit.taggeditem", "pk": 14, "fields": {"tag": 8, "content_type": 8, "object_id": 6}}, {"model": "taggit.taggeditem", "pk": 15, "fields": {"tag": 3, "content_type": 8, "object_id": 6}}, {"model": "taggit.taggeditem", "pk": 16, "fields": {"tag": 9, "content_type": 8, "object_id": 42}}, {"model": "taggit.taggeditem", "pk": 17, "fields": {"tag": 10, "content_type": 8, "object_id": 8}}, {"model": "taggit.taggeditem", "pk": 18, "fields": {"tag": 3, "content_type": 8, "object_id": 8}}, {"model": "taggit.taggeditem", "pk": 19, "fields": {"tag": 10, "content_type": 8, "object_id": 4}}, {"model": "taggit.taggeditem", "pk": 20, "fields": {"tag": 3, "content_type": 8, "object_id": 4}}, {"model": "taggit.taggeditem", "pk": 21, "fields": {"tag": 8, "content_type": 8, "object_id": 5}}, {"model": "taggit.taggeditem", "pk": 22, "fields": {"tag": 3, "content_type": 8, "object_id": 5}}, {"model": "taggit.taggeditem", "pk": 23, "fields": {"tag": 3, "content_type": 8, "object_id": 44}}, {"model": "taggit.taggeditem", "pk": 24, "fields": {"tag": 11, "content_type": 8, "object_id": 44}}, {"model": "taggit.taggeditem", "pk": 25, "fields": {"tag": 3, "content_type": 8, "object_id": 7}}, {"model": "taggit.taggeditem", "pk": 26, "fields": {"tag": 7, "content_type": 8, "object_id": 7}}, {"model": "taggit.taggeditem", "pk": 27, "fields": {"tag": 3, "content_type": 8, "object_id": 12}}, {"model": "taggit.taggeditem", "pk": 28, "fields": {"tag": 7, "content_type": 8, "object_id": 12}}, {"model": "taggit.taggeditem", "pk": 29, "fields": {"tag": 10, "content_type": 8, "object_id": 9}}, {"model": "taggit.taggeditem", "pk": 30, "fields": {"tag": 3, "content_type": 8, "object_id": 9}}, {"model": "taggit.taggeditem", "pk": 31, "fields": {"tag": 3, "content_type": 8, "object_id": 11}}, {"model": "taggit.taggeditem", "pk": 32, "fields": {"tag": 12, "content_type": 8, "object_id": 11}}, {"model": "taggit.taggeditem", "pk": 33, "fields": {"tag": 3, "content_type": 8, "object_id": 10}}, {"model": "taggit.taggeditem", "pk": 34, "fields": {"tag": 13, "content_type": 8, "object_id": 10}}, {"model": "taggit.taggeditem", "pk": 35, "fields": {"tag": 11, "content_type": 8, "object_id": 16}}, {"model": "taggit.taggeditem", "pk": 36, "fields": {"tag": 7, "content_type": 8, "object_id": 17}}, {"model": "taggit.taggeditem", "pk": 37, "fields": {"tag": 6, "content_type": 8, "object_id": 30}}, {"model": "taggit.taggeditem", "pk": 38, "fields": {"tag": 5, "content_type": 8, "object_id": 18}}, {"model": "taggit.taggeditem", "pk": 39, "fields": {"tag": 14, "content_type": 8, "object_id": 18}}, {"model": "taggit.taggeditem", "pk": 40, "fields": {"tag": 7, "content_type": 8, "object_id": 27}}, {"model": "taggit.taggeditem", "pk": 41, "fields": {"tag": 15, "content_type": 8, "object_id": 27}}, {"model": "taggit.taggeditem", "pk": 42, "fields": {"tag": 7, "content_type": 8, "object_id": 25}}, {"model": "taggit.taggeditem", "pk": 43, "fields": {"tag": 15, "content_type": 8, "object_id": 25}}, {"model": "taggit.taggeditem", "pk": 44, "fields": {"tag": 7, "content_type": 8, "object_id": 26}}, {"model": "taggit.taggeditem", "pk": 45, "fields": {"tag": 15, "content_type": 8, "object_id": 26}}, {"model": "taggit.taggeditem", "pk": 46, "fields": {"tag": 16, "content_type": 8, "object_id": 36}}, {"model": "taggit.taggeditem", "pk": 47, "fields": {"tag": 11, "content_type": 8, "object_id": 36}}, {"model": "taggit.taggeditem", "pk": 48, "fields": {"tag": 16, "content_type": 8, "object_id": 35}}, {"model": "taggit.taggeditem", "pk": 49, "fields": {"tag": 11, "content_type": 8, "object_id": 35}}, {"model": "taggit.taggeditem", "pk": 51, "fields": {"tag": 9, "content_type": 8, "object_id": 39}}, {"model": "taggit.taggeditem", "pk": 52, "fields": {"tag": 18, "content_type": 8, "object_id": 39}}, {"model": "taggit.taggeditem", "pk": 53, "fields": {"tag": 18, "content_type": 8, "object_id": 40}}, {"model": "taggit.taggeditem", "pk": 54, "fields": {"tag": 9, "content_type": 8, "object_id": 38}}, {"model": "taggit.taggeditem", "pk": 55, "fields": {"tag": 18, "content_type": 8, "object_id": 38}}, {"model": "taggit.taggeditem", "pk": 56, "fields": {"tag": 9, "content_type": 8, "object_id": 37}}, {"model": "taggit.taggeditem", "pk": 57, "fields": {"tag": 18, "content_type": 8, "object_id": 37}}, {"model": "taggit.taggeditem", "pk": 58, "fields": {"tag": 9, "content_type": 8, "object_id": 41}}, {"model": "taggit.taggeditem", "pk": 59, "fields": {"tag": 18, "content_type": 8, "object_id": 41}}, {"model": "taggit.taggeditem", "pk": 60, "fields": {"tag": 13, "content_type": 8, "object_id": 32}}, {"model": "taggit.taggeditem", "pk": 62, "fields": {"tag": 13, "content_type": 8, "object_id": 31}}, {"model": "taggit.taggeditem", "pk": 63, "fields": {"tag": 20, "content_type": 8, "object_id": 17}}, {"model": "taggit.taggeditem", "pk": 64, "fields": {"tag": 20, "content_type": 8, "object_id": 32}}, {"model": "taggit.taggeditem", "pk": 65, "fields": {"tag": 20, "content_type": 8, "object_id": 31}}, {"model": "taggit.taggeditem", "pk": 66, "fields": {"tag": 11, "content_type": 8, "object_id": 43}}, {"model": "taggit.taggeditem", "pk": 67, "fields": {"tag": 20, "content_type": 8, "object_id": 43}}, {"model": "taggit.taggeditem", "pk": 68, "fields": {"tag": 20, "content_type": 8, "object_id": 34}}, {"model": "taggit.taggeditem", "pk": 69, "fields": {"tag": 21, "content_type": 8, "object_id": 34}}, {"model": "taggit.taggeditem", "pk": 70, "fields": {"tag": 20, "content_type": 8, "object_id": 30}}, {"model": "taggit.taggeditem", "pk": 71, "fields": {"tag": 20, "content_type": 8, "object_id": 16}}, {"model": "taggit.taggeditem", "pk": 72, "fields": {"tag": 20, "content_type": 8, "object_id": 46}}, {"model": "taggit.taggeditem", "pk": 73, "fields": {"tag": 7, "content_type": 8, "object_id": 46}}, {"model": "taggit.taggeditem", "pk": 74, "fields": {"tag": 20, "content_type": 8, "object_id": 47}}, {"model": "taggit.taggeditem", "pk": 75, "fields": {"tag": 7, "content_type": 8, "object_id": 47}}, {"model": "taggit.taggeditem", "pk": 76, "fields": {"tag": 20, "content_type": 8, "object_id": 48}}, {"model": "taggit.taggeditem", "pk": 77, "fields": {"tag": 22, "content_type": 8, "object_id": 48}}, {"model": "taggit.taggeditem", "pk": 78, "fields": {"tag": 20, "content_type": 8, "object_id": 49}}, {"model": "taggit.taggeditem", "pk": 79, "fields": {"tag": 5, "content_type": 8, "object_id": 49}}, {"model": "taggit.taggeditem", "pk": 80, "fields": {"tag": 5, "content_type": 8, "object_id": 50}}, {"model": "taggit.taggeditem", "pk": 81, "fields": {"tag": 14, "content_type": 8, "object_id": 50}}, {"model": "taggit.taggeditem", "pk": 82, "fields": {"tag": 5, "content_type": 8, "object_id": 51}}, {"model": "taggit.taggeditem", "pk": 83, "fields": {"tag": 14, "content_type": 8, "object_id": 51}}, {"model": "taggit.taggeditem", "pk": 84, "fields": {"tag": 20, "content_type": 8, "object_id": 53}}, {"model": "taggit.taggeditem", "pk": 85, "fields": {"tag": 23, "content_type": 8, "object_id": 53}}, {"model": "taggit.taggeditem", "pk": 86, "fields": {"tag": 18, "content_type": 8, "object_id": 52}}, {"model": "taggit.taggeditem", "pk": 87, "fields": {"tag": 22, "content_type": 8, "object_id": 52}}, {"model": "taggit.taggeditem", "pk": 88, "fields": {"tag": 18, "content_type": 8, "object_id": 54}}, {"model": "taggit.taggeditem", "pk": 89, "fields": {"tag": 22, "content_type": 8, "object_id": 54}}, {"model": "taggit.taggeditem", "pk": 90, "fields": {"tag": 13, "content_type": 8, "object_id": 55}}, {"model": "taggit.taggeditem", "pk": 91, "fields": {"tag": 13, "content_type": 8, "object_id": 56}}, {"model": "taggit.taggeditem", "pk": 93, "fields": {"tag": 7, "content_type": 8, "object_id": 57}}, {"model": "taggit.taggeditem", "pk": 95, "fields": {"tag": 18, "content_type": 8, "object_id": 59}}, {"model": "taggit.taggeditem", "pk": 96, "fields": {"tag": 22, "content_type": 8, "object_id": 59}}, {"model": "taggit.taggeditem", "pk": 97, "fields": {"tag": 18, "content_type": 8, "object_id": 60}}, {"model": "taggit.taggeditem", "pk": 98, "fields": {"tag": 22, "content_type": 8, "object_id": 60}}, {"model": "taggit.taggeditem", "pk": 99, "fields": {"tag": 8, "content_type": 8, "object_id": 61}}, {"model": "taggit.taggeditem", "pk": 100, "fields": {"tag": 18, "content_type": 8, "object_id": 61}}, {"model": "taggit.taggeditem", "pk": 101, "fields": {"tag": 18, "content_type": 8, "object_id": 62}}, {"model": "taggit.taggeditem", "pk": 102, "fields": {"tag": 10, "content_type": 8, "object_id": 62}}, {"model": "taggit.taggeditem", "pk": 103, "fields": {"tag": 18, "content_type": 8, "object_id": 63}}, {"model": "taggit.taggeditem", "pk": 104, "fields": {"tag": 7, "content_type": 8, "object_id": 63}}, {"model": "taggit.taggeditem", "pk": 105, "fields": {"tag": 13, "content_type": 8, "object_id": 64}}, {"model": "taggit.taggeditem", "pk": 106, "fields": {"tag": 5, "content_type": 8, "object_id": 65}}, {"model": "taggit.taggeditem", "pk": 107, "fields": {"tag": 24, "content_type": 8, "object_id": 66}}, {"model": "taggit.taggeditem", "pk": 108, "fields": {"tag": 5, "content_type": 8, "object_id": 66}}, {"model": "taggit.taggeditem", "pk": 109, "fields": {"tag": 24, "content_type": 8, "object_id": 67}}, {"model": "taggit.taggeditem", "pk": 110, "fields": {"tag": 22, "content_type": 8, "object_id": 67}}, {"model": "taggit.taggeditem", "pk": 111, "fields": {"tag": 24, "content_type": 8, "object_id": 68}}, {"model": "taggit.taggeditem", "pk": 112, "fields": {"tag": 12, "content_type": 8, "object_id": 68}}]